city,,city,
Dushanbe,,Abidjan,
Abidjan,,Abu Dhabi,
Edinburgh,,Abuja,
Windhoek,,Accra,
Islamabad,,Adana,
Wuhan,,Adelaide,
Hyderabad,,Agra,
Yerevan,,Ahmadabad,
Omsk,,Albuquerque,
Vientiane,,Alexandria,
Jinan,,Algiers,
Bursa,,Allahabad,
San Diego,,Almaty,
Nairobi,,Amritsar,
Houston,,Amsterdam,
Kigali,,Ankara,
Doha,,Anshan,
Moscow,,Antananarivo,
Alexandria,,Arlington,
Manila,,Asmara,
Campinas,,Astana,
Prague,,Athens,
Recife,,Atlanta,
Kansas City,,Austin,
Kunming,,Baghdad,
Palembang,,Baku,
Copenhagen,,Baltimore,
Guangzhou,,Bamako,
Birmingham,,Bandung,
Fresno,,Bangalore,
Soweto,,Bangkok,
Vilnius,,Bangui,
Luanda,,Barcelona,
Tijuana,,Barquisimeto,
Baghdad,,Barranquilla,
Omaha,,Beirut,
Haora,,Belfast,
Belo Horizonte,,Belgrade,
Izmir,,Belo Horizonte,
Ranchi,,Benghazi,
Amritsar,,Berlin,
Kanpur,,Bern,
Ibadan,,Bhopal,
Asmara,,Birmingham,
Barcelona,,Bissau,
Valencia,,Boston,
Vienna,,Bratislava,
Manaus,,Brazzaville,
Sofia,,Brisbane,
Charlotte,,Brussels,
Perm,,Bucharest,
Ulaanbaatar,,Budapest,
Changzhou,,Bujumbura,
Libreville,,Bursa,
Qingdao,,Cairo,
Taiyuan,,Cali,
Rajkot,,Campinas,
Chelyabinsk,,Canberra,
Agra,,Caracas,
Kawasaki,,Cardiff,
Nagpur,,Casablanca,
Sydney,,Changchun,
Bujumbura,,Changzhou,
Johannesburg,,Charlotte,
Ludhiana,,Chelyabinsk,
Harare,,Chengdu,
Patna,,Chicago,
Wellington,,Chisinau,
Changchun,,Colombo,
Bhopal,,Colorado Springs,
Belfast,,Columbus,
Athens,,Conakry,
Paris,,Copenhagen,
Puebla,,Cordoba,
Kazan,,Curitiba,
Dhaka,,Dakar,
Freetown,,Dalian,
Luoyang,,Dallas,
Memphis,,Damascus,
Mashhad,,Dar Es Salaam,
Ouagadougou,,Datong,
Antananarivo,,Delhi,
Albuquerque,,Denver,
Pristina,,Detroit,
Santiago,,Dhaka,
Virginia Beach,,Doha,
Yamoussoukro,,Douala,
Singapore,,Dublin,
Arlington,,Durban,
Ljubljana,,Dushanbe,
Port Moresby,,Ecatepec,
Tirana,,Edinburgh,
Varanasi,,El Paso,
Istanbul,,Faisalabad,
Berlin,,Fort Worth,
Bern,,Fortaleza,
Peshawar,,Foshan,
Benghazi,,Freetown,
Hamburg,,Fresno,
Seoul,,Fuzhou,
Bandung,,Gaborone,
Port Harcourt,,Georgetown,
Lilongwe,,Guadalajara,
Kobe,,Guangzhou,
Kabul,,Guarulhos,
Ankara,,Guatemala City,
Montreal,,Guayaquil,
Cordoba,,Guiyang,
Bamako,,Gujranwala,
Louisville,,Hamburg,
Brussels,,Handan,
Atlanta,,Hangzhou,
Maputo,,Hanoi,
Curitiba,,Haora,
Accra,,Harare,
Niamey,,Harbin,
Hangzhou,,Hefei,
Kuala Lumpur,,Helsinki,
Samara,,Hiroshima,*
Long Beach,,Ho Chi Minh City,
Kingston,,Houston,
Pretoria,,Hyderabad,
Jilin,,Ibadan,
Rio De Janeiro,,Indianapolis,
Stockholm,,Indore,
Juba,,Irbil,
Shenyang,,Islamabad,
San Jose,,Istanbul,
Los Angeles,,Izmir,
Port Au Prince,,Jacksonville,
Tallinn,,Jaipur,
Bissau,,Jakarta,
Guayaquil,,Jilin,
Fort Worth,,Jinan,
Durban,,Johannesburg,
Mogadishu,,Juba,
Lisbon,,Kabul,
San Antonio,,Kaduna,
Columbus,,Kampala,
Rabat,,Kano,*
Adelaide,,Kanpur,
Brisbane,,Kansas City,
Dalian,,Karachi,
Melbourne,,Kathmandu,
Hefei,,Kawasaki,*
Mexicali,,Kazan,
Casablanca,,Khartoum,
Handan,,Khulna,
Ufa,,Kiev,
Barranquilla,,Kigali,
New York,,Kingston,
Bangkok,,Kinshasa,
Podgorica,,Kitakyushu,*
Boston,,Kobe,*
Adana,,Kuala Lumpur,
Monterrey,,Kunming,
Victoria,,La Paz,
Harbin,,Lagos,
Almaty,,Lahore,
Austin,,Lanzhou,
Maracaibo,,Las Vegas,
Kiev,,Libreville,
Milwaukee,,Lilongwe,
Brazzaville,,Lima,
Bangalore,,Lisbon,
Minneapolis,,Ljubljana,
Nanchang,,London,
Perth,,Long Beach,
Algiers,,Los Angeles,
Mecca,,Louisville,
Nouakchott,,Luanda,
Skopje,,Lubumbashi,
Salvador,,Ludhiana,
Georgetown,,Luoyang,
Gaborone,,Lusaka,
Paramaribo,,Madrid,
Dublin,,Maiduguri,
Madrid,,Malabo,
San Salvador,,Managua,
New Delhi,,Manama,
Cairo,,Manaus,
Irbil,,Manila,
Khartoum,,Maputo,
Milan,,Maracaibo,
Canberra,,Maseru,
Denver,,Mashhad,
Montevideo,,Mecca,
Zagreb,,Medan,
Belgrade,,Melbourne,
Jakarta,,Memphis,
Rome,,Mesa,
Kitakyushu,,Mexicali,
Semarang,,Miami,
Indianapolis,,Milan,
Rosario,,Milwaukee,
Munich,,Minneapolis,
Tokyo,,Minsk,
Washington,,Mogadishu,
Nashville,,Monrovia,
Lusaka,,Monterrey,
Hiroshima,,Montevideo,
Colorado Springs,,Montreal,
Conakry,,Moscow,
Santa Cruz,,Multan,
Kaduna,,Munich,
Zapopan,,Nagoya,*
Tabriz,,Nagpur,
El Paso,,Nairobi,
Cardiff,,Nanchang,
Abu Dhabi,,Nanjing,
Nagoya,,Nanning,
Indore,,Nashville,
Tripoli,,Nassau,
Astana,,New Delhi,
Gujranwala,,New Orleans,
Wichita,,New York,
Barquisimeto,,Niamey,
Ottawa,,Nouakchott,
Pune,,Novosibirsk,
Multan,,Oakland,
Manama,,Oklahoma City,
Tianjin,,Omaha,
Novosibirsk,,Omsk,
Riyadh,,Oslo,
Tegucigalpa,,Ottawa,
Kampala,,Ouagadougou,
Minsk,,Palembang,
Shiraz,,Paramaribo,
Hanoi,,Paris,
Maseru,,Patna,
Xuzhou,,Perm,
Maiduguri,,Perth,
Vadodara,,Peshawar,
Volgograd,,Philadelphia,
Dakar,,Phoenix,
Warsaw,,Podgorica,
Phoenix,,Port Au Prince,
Tbilisi,,Port Harcourt,
Ho Chi Minh City,,Port Louis,
San Francisco,,Port Moresby,
Port Louis,,Portland,
Colombo,,Porto Alegre,
Fortaleza,,Prague,
Oklahoma City,,Pretoria,
Las Vegas,,Pristina,
Miami,,Puebla,
Chisinau,,Pune,
Quito,,Qingdao,
London,,Qiqihar,
Nanning,,Quito,
Portland,,Rabat,
Surabaya,,Rajkot,
Medan,,Raleigh,
Suzhou,,Ranchi,
Dallas,,Rawalpindi,
Tangshan,,Recife,
Karachi,,Riga,
Lanzhou,,Rio De Janeiro,
Datong,,Riyadh,
Philadelphia,,Rome,
Sarajevo,,Rosario,
Surat,,Sacramento,
Nanjing,,Salvador,
Porto Alegre,,Samara,
Detroit,,San Antonio,
Wuxi,,San Diego,
Bucharest,,San Francisco,
Guarulhos,,San Jose,
Mesa,,San Salvador,
Abuja,,Santa Cruz,
Shenzhen,,Santiago,
Malabo,,Santo Domingo,
Managua,,Sarajevo,
Lima,,Seattle,
Ecatepec,,Semarang,
Jacksonville,,Seoul,
Fuzhou,,Shanghai,
Baltimore,,Shenyang,
Guadalajara,,Shenzhen,
Bangui,,Shiraz,
Lahore,,Singapore,
Cali,,Skopje,
Sacramento,,Sofia,
Rawalpindi,,Soweto,
Faisalabad,,Stockholm,
Qiqihar,,Surabaya,
Lubumbashi,,Surat,
Helsinki,,Suzhou,
Seattle,,Sydney,
Beirut,,Tabriz,
Bratislava,,Taiyuan,
Baku,,Tallinn,
Budapest,,Tangshan,
Tulsa,,Tashkent,
Anshan,,Tbilisi,
New Orleans,,Tegucigalpa,
Kinshasa,,Tianjin,
Amsterdam,,Tijuana,
Douala,,Tirana,
Nassau,,Tokyo,*
Xian,,Toronto,
Dar Es Salaam,,Tripoli,
Tunis,,Tucson,
Caracas,,Tulsa,
Oakland,,Tunis,
Guatemala City,,Ufa,
Oslo,,Ulaanbaatar,
Monrovia,,Vadodara,
Khulna,,Valencia,
Damascus,,Varanasi,
Ahmadabad,,Victoria,
Chicago,,Vienna,
La Paz,,Vientiane,
Jaipur,,Vilnius,
Santo Domingo,,Virginia Beach,
Lagos,,Volgograd,
Riga,,Warsaw,
Raleigh,,Washington,
Chengdu,,Wellington,
Toronto,,Wichita,
Foshan,,Windhoek,
Kathmandu,,Wuhan,
Tucson,,Wuxi,
Guiyang,,Xian,
Kano,,Xuzhou,
Allahabad,,Yamoussoukro,
Tashkent,,Yerevan,
Delhi,,Zagreb,
Shanghai,,Zapopan,
